epoch,train_loss,val_loss,val_macro_f1,val_acc,epoch_sec
1,0.6151756116329812,0.4218850532997271,0.814998995852082,0.8720365609825764,1073.566279888153
2,0.24925093029399292,0.19100365047793974,0.9216887722322977,0.9377320765495573,1067.037727355957
3,0.1500236281053631,0.20277474728678677,0.9243183213186342,0.937160811196801,1068.9902396202087
4,0.10831010439273074,0.21241011119202116,0.9225073961374195,0.937160811196801,1067.4755260944366
5,0.08710878893857898,0.3187242852504238,0.9008262185745696,0.9197372179377321,1068.481602191925
6,0.04924346791960873,0.2073149084885251,0.9275893464699578,0.9457297914881463,1066.876554965973
7,0.028437528663811804,0.1845088380808423,0.9406796428818295,0.9525849757212225,1066.687587738037
8,0.013576876288021806,0.13938482840747915,0.9586952055673456,0.9671522422165095,1066.6970701217651
9,0.004079230523497681,0.13439448126207348,0.9653453004995267,0.9725792630676949,1066.3081283569336
10,0.0021176917951863544,0.13826560664318674,0.9663371329627785,0.9734361610968295,1066.4851515293121
11,0.0013195269335543858,0.1368905216656568,0.9665931663924197,0.9737217937732077,1066.0101392269135
12,0.0004977669196859256,0.13728604136940364,0.9657887930533471,0.9731505284204514,1066.0012106895447
